{
  "project_info": {
    "project_number": "976234247689",
    "project_id": "el-falah",
    "storage_bucket": "el-falah.firebasestorage.app"
  },
  "client": [
    {
      "client_info": {
        "mobilesdk_app_id": "1:976234247689:android:010e5de356742d6073aad8",
        "android_client_info": {
          "package_name": "com.example.el_falah"
        }
      },
      "oauth_client": [],
      "api_key": [
        {
          "current_key": "AIzaSyC9ApmQyovJPeHtVowPqePiOp9hbmDa5-Y"
        }
      ],
      "services": {
        "appinvite_service": {
          "other_platform_oauth_client": []
        }
      }
    }
  ],
  "configuration_version": "1"
}